
{
  "mods": 
  [
    
    {
      "name": "base",
      "enabled": true
    },
    
    {
      "name": "elevated-rails",
      "enabled": true
    },
    
    {
      "name": "quality",
      "enabled": true
    },
    
    {
      "name": "space-age",
      "enabled": true
    },
    
    {
      "name": "bobinserters",
      "enabled": true
    },
    
    {
      "name": "BottleneckLite",
      "enabled": true
    },
    
    {
      "name": "CleanedConcrete",
      "enabled": true
    },
    
    {
      "name": "DiscoScience",
      "enabled": true
    },
    
    {
      "name": "even-distribution",
      "enabled": true
    },
    
    {
      "name": "flib",
      "enabled": true
    },
    
    {
      "name": "QueueToFrontSE",
      "enabled": true
    },
    
    {
      "name": "Repair_Turret",
      "enabled": true
    },
    
    {
      "name": "squeak-through-2",
      "enabled": true
    },
    
    {
      "name": "TaskList",
      "enabled": true
    },
    
    {
      "name": "textplates",
      "enabled": true
    }
  ]
}
